numero;element;statut;constat_et_emplacement;action_proposee;priorite
1;Présentation et positionnement;EXISTANT À AMÉLIORER;"[À propos](https://beyond-expertise.com/a-propos), accueil, pages exécutives ; S01, S02. Positionnement général surtout formation professionnelle B2B/data/IA.";"Clarifier le rôle du centre, l’offre exécutive et les publics africains ; publier l’identité juridique vérifiée ; enlever les formulations de prototype.";"P0 identité ; P1 éditorial"
2;Page MBA;EXISTANT ET FONCTIONNEL;"[/mba](https://beyond-expertise.com/mba), 21 programmes filtrables ; S02, S03.";"Conserver ; ajouter conditions validées, réassurance et CTA commerciaux adaptés.";P1
3;Page doctorat/DBA;EXISTANT ET FONCTIONNEL;"[/dba](https://beyond-expertise.com/dba), 10 axes ; S02, S03. La fonction vérifiée est une page DBA.";"Conserver ; ne pas assimiler son existence à une habilitation à délivrer un doctorat national. Publier la nature exacte du titre seulement après preuve.";"P0 titre ; P1 conversion"
4;Une page par programme;EXISTANT ET FONCTIONNEL;"31 URL `/mba-dba/{slug}` ; modèle partagé S04 et annexe des programmes.";Enrichir la source commune, sans reconstruire 31 pages à la main.;P1
5;Informations complètes par programme;EXISTANT À AMÉLIORER;"S04, S05, S06 ; contenus pédagogiques présents, plusieurs conditions différées.";"Voir les 20 critères ci-dessous ; diplôme/émetteur/preuves et conditions réelles en premier.";P0
6;Brochure PDF par programme/catégorie;EXISTANT À AMÉLIORER;31 PDF `/programmes-executive/{slug}.pdf`, générateur S07. Téléchargements fonctionnels.;"Compléter les informations commerciales et académiques vérifiées ; améliorer la présentation commerciale et remonter le CTA. Aucun besoin de recréer le système PDF.";"P0 contenu ; P1 présentation"
7;Landing publicitaire Afrique;ABSENT;"`/mba`, `/dba`, `/mba-dba` évoquent déjà l’Afrique ; `/entreprises/afrique` est une page B2B de services, S08. Pas de landing de campagne dédiée avec tunnel et mesure.";Réutiliser les composants pour une page par famille/intention publicitaire, avec programme identifié, conditions, preuves et conversion principale.;P0
8;Formulaire de génération de leads;EXISTANT À AMÉLIORER;"[/mba-dba/candidature](https://beyond-expertise.com/mba-dba/candidature), `/contact`, `/devis` ; S09, S10. Sauvegarde opérationnelle localement.";"Ajouter une version courte « brochure / tarifs / conseiller » ; garder la candidature détaillée pour l’étape suivante ; accusé et affectation à un conseiller.";P0
9;WhatsApp Business visible et traçable;ABSENT;Aucun lien `wa.me`/WhatsApp ni événement correspondant dans les pages et ressources inspectées. L’assistant du site est un autre canal.;Numéro Business validé par Beyond, lien/message contextualisé, événement de clic et rapprochement au dossier quand le contact réel est connu.;"P1 ; P0 si canal principal des annonces"
10;Demande de rappel;ABSENT;"« Demander un entretien » mène à la candidature en mode information ; téléphone facultatif, aucun choix de rappel/créneau. S04, S09.";Ajouter une intention « être rappelé », téléphone avec indicatif, fuseau/disponibilité et tâche dans le suivi existant.;"P1 ; P0 si promesse de l’annonce"
11;Prise de rendez-vous en ligne;ABSENT;Pas d’agenda ni de confirmation de réservation. Le statut « Entretien à organiser » n’est pas un rendez-vous pris. S11.;Brancher un agenda réellement tenu, avec fuseaux, disponibilités, confirmation, annulation et retour fiable au CRM.;P1
12;Page de confirmation mesurable;ABSENT;"Un reçu s’affiche dans la page de candidature, sans changement d’URL ; S09:70.";Créer une confirmation liée à un enregistrement accepté, avec suite utile. Empêcher le comptage d’un simple rechargement ou accès direct comme nouvelle conversion.;P0
13;Provenance du prospect;EXISTANT À AMÉLIORER;"Pays de résidence et programme enregistrés pour les candidatures ; `Lead.source` vaut notamment `enrollment_form` pour les demandes générales. S10, S12, S13.";"Conserver ces données ; ajouter source/medium/campagne/contenu, page d’entrée et pays ciblé distinct du pays déclaré. Aucun de ces champs ne prouve seul un contact attribué à une plateforme.";P0
14;Conservation UTM;ABSENT;Test réel `/mba?utm_source=meta…` → fiche → candidature : disparition des paramètres, aucun stockage correspondant. S09, S12.;"Attribution initiale et dernière source selon politique validée, persistance limitée, transfert au serveur et traitement des visites directes ; tester mobile/rechargement/liens PDF.";P0
15;Suivi prospects / CRM;EXISTANT À AMÉLIORER;"`/apprentissage` → « Candidatures MBA & DBA » ; `/admin/commercial` pour autres demandes. S10–S14.";Vue consolidée, propriétaire du lead, échéance, relances, historique des contacts, dédoublonnage et inscription réelle. Le total commercial actuel exclut les candidatures exécutives.;"P0 exploitation ; P1 automatisation"
16;GA4, GTM, Meta Pixel/CAPI…;ABSENT;"Aucun script/global/appel de ces outils sur huit pages inspectées ; aucune configuration marketing correspondante côté API. S15 confirme leur absence.";"Plan de mesure puis GA4 ou alternative choisie ; Pixel si Meta est utilisé. GTM est un moyen de déploiement optionnel. CAPI vient avec déduplication et base légale, pas comme contournement du consentement.";"P0 mesure minimale ; P1 CAPI"
17;Événements de conversion;ABSENT;Pas d’événements publicitaires pour les vues/clics/envois/rendez-vous/inscriptions. Les journaux d’apprentissage et d’administration ont une autre finalité. S09, S10.;"Mettre en place le dictionnaire d’événements ci-dessous ; déclencher les conversions sur confirmation réelle du serveur, pas uniquement sur clic.";P0
18;Consentement et protection des données;EXISTANT À AMÉLIORER;[/confidentialite](https://beyond-expertise.com/confidentialite), `/vos-droits`, liens aux formulaires, session protégée et droits d’accès. S12, S15, S16.;"Compléter bases légales, conservation, prestataires et preuves ; minimiser la demande initiale. Installer une gestion des choix avant activation de traceurs soumis à consentement.";P0
19;Mentions légales et conditions commerciales;EXISTANT À AMÉLIORER;"[/mentions-legales](https://beyond-expertise.com/mentions-legales) existe mais identité à compléter et hébergement décrit comme local ; pas de conditions contractuelles finalisées disponibles. S17, S18.";Informations juridiques exactes et hébergeur, conditions de vente/formation, frais, paiement, annulation/rétractation/médiation selon situation réelle.;P0
20;Smartphone;EXISTANT À AMÉLIORER;"Mise en page lisible et sans débordement aux largeurs testées ; captures annexées. S02–S04, S09, S19.";Réduire les étapes de qualification à froid, rendre brochures/tarifs accessibles plus tôt, tester clavier et assistant flottant sur appareils réels.;"P0 parcours court ; P1 finition"
21;Performance mobile / réseau lent;EXISTANT À AMÉLIORER;Test synthétique détaillé ci-dessous : formulaire ~2,3 s LCP, MBA 2,81–4,22 s. Optimisation d’images et chargement différé présents.;Fixer un budget aux pages d’entrée, mesurer depuis les marchés cibles, réduire JavaScript et vidéo non essentiels.;"P0 validation landing ; P1 optimisation générale"
22;CTA cohérents;EXISTANT À AMÉLIORER;"Candidature, entretien, brochure et exploration existent, mais objectifs/canaux dispersés ; brochure en fin de fiche mobile. S04, S09.";Harmoniser « Recevoir la brochure », « Demander les tarifs », « Parler à un conseiller », « Candidater », « Prendre rendez-vous » et leur destination réelle.;"P0 parcours principal ; P1 harmonisation"
23;Réassurance vérifiable;NON VÉRIFIABLE;"Note 4,8/5 du centre sans période/effectif publiés ; logos de références d’interventions ; visuels fictifs ; pas de dossiers probants de diplômés/formateurs engagés pour les cohortes inspectées. S20–S22.";"Obtenir autorisations et preuves ; publier biographies confirmées, témoignages datés et contextualisés, statut du diplôme vérifié. Ne pas transformer les scènes IA en preuves de promotions.";"P0 allégations ; P1 preuves supplémentaires"
24;FAQ commerciale;EXISTANT À AMÉLIORER;"Six questions générales sur l’accueil, composant FAQ réutilisable ; pas de FAQ MBA/DBA répondant précisément au diplôme, à sa reconnaissance et aux paiements. S23.";Adapter le composant aux réponses validées MBA/DBA : diplôme/émetteur, distanciel, admissions, durée, coût, échéancier, matériel, fuseau, accompagnement, annulation.;"P1 ; P0 réponses sur le titre"
